{"call_to_action_clicks":[10,0,23,0,0,25,0,1,0,10],"cost_per_inline_link_click":[108.861,0.770334,322.415,0.79478,1.000574,0,0.836975,0.224915,1.093564,109.178],"insights_relationship_key":["7059e996f04d42590d0c3ad55f392b6cdbd52644","c2b54e3e3501f5adf1d766685b7a98adaa32a938","963cd3a76816fa911c15775a768c578bf283afb2","4b4adebea059ca2eb82df08da24e189606154d4e","801dce477bbcc5221e054e6f9589e48ac4745b7f","4002f8401d565ca68f29cfcfccc0fdf08a703674","c46dc5b2462c9fa6733ec858396e1e54549f525f","92c0066ee0100a752bba7a2827f6df15cc7879fb","b936fa4f7bde90ad62490019ed2c8d65f58d5787","f2ee8ade2c918f3149fe5c2867962fce3bddeec4"],"cost_per_like":[0.237325,89.95575,0.311813,79.534118,122.588545,0.289975,171.998438,33.106508,169.482857,0.237447],"cost_per_comment":[1.032837,359.823,1.628359,422.525,1123.728333,3.4596,1100.79,60.470051,1054.56,1.034863],"cost_per_link_click":[108.861,0.770334,322.415,0.79478,1.000574,0,0.836975,0.224915,1.093564,109.178],"cost_per_post_like":[0.013463,8.587661,0.005887,11.757217,8.784847,0.004388,13.606799,6.595509,17.941474,0.013475],"cost_per_video_view":[0,0,0,0,0,0,0,0,0,0],"cost_per_share":[0.332299,27.054361,0.425069,43.615484,52.469805,0.488093,58.55266,93.323858,120.139747,0.332657],"cost_per_video_play":[1088.61,0,0,0,0,0,0,5926.065,0,1091.78],"likes":[4587,80,2068,85,110,4474,64,358,56,4598],"post_likes":[80861,838,109534,575,1535,295690,809,1797,529,81021],"net_page_engagement":[4587,80,2068,85,110,4474,64,358,56,4598],"comments":[1054,20,396,16,12,375,10,196,9,1055],"shares":[3276,266,1517,155,257,2658,188,127,79,3282],"link_clicks":[10,9342,2,8506,13477,0,13152,52696,8679,10],"video_views":[0,0,0,0,0,0,0,0,0,0],"video_plays":[1,0,0,0,0,0,0,2,0,1],"video_10_sec_views":[0,0,0,0,0,0,0,0,0,0],"video_15_sec_views":[0,0,0,0,0,0,0,0,0,0],"video_30_sec_views":[0,0,0,0,0,0,0,0,0,0],"video_avg_sec_viewed":[0,0,0,0,0,0,0,0,0,0],"account_name":["Channel 42","Portea Invoicing","Channel 42","Portea Invoicing","Portea Invoicing","Channel 42","Portea Invoicing","Channel 42","Portea Invoicing","Channel 42"],"clicks":[160145,12016,157453,10615,17352,355106,15919,69027,10498,160446],"campaign_name":["Hyperloop_image_march6","moringa_article_city_March7","Aakash_image_march8","vitamindeficiency_article_LC_Dec8","immunityboosting_article_City_feb28","tiger_image_feb28","Bloodpresure_article_city_Mar1","JiospeedLinkClick_Article_March3","spineexcercises_article_March3_City","Hyperloop_image_march6"],"canvas_avg_view_percent":["0","0","0","0","0","0","0","0","0","0"],"cost_per_action_type":[{"action_type":["comment","like","link_click","photo_view","post","post_reaction","unlike","video_play","page_engagement","post_engagement"],"value":["1.032837","0.237325","108.861","0.008884","0.332299","0.013463","90.7175","1088.61","0.005127","0.00524"]},{"action_type":["comment","like","link_click","post","post_reaction","page_engagement","post_engagement"],"value":["359.823","89.95575","0.770334","27.054361","8.587661","0.682388","0.687604"]},{"action_type":["comment","like","link_click","photo_view","post","post_reaction","unlike","page_engagement","post_engagement"],"value":["1.628359","0.311813","322.415","0.006744","0.425069","0.005887","92.118571","0.003083","0.003114"]},{"action_type":["comment","like","link_click","post","post_reaction","page_engagement","post_engagement"],"value":["422.525","79.534118","0.79478","43.615484","11.757217","0.724044","0.730696"]},{"action_type":["comment","like","link_click","post","post_reaction","unlike","page_engagement","post_engagement"],"value":["1123.728333","122.588545","1.000574","52.469805","8.784847","6742.37","0.876145","0.882451"]},{"action_type":["comment","like","photo_view","post","post_reaction","unlike","page_engagement","post_engagement"],"value":["3.4596","0.289975","0.018723","0.488093","0.004388","144.15","0.003483","0.003525"]},{"action_type":["comment","like","link_click","post","post_reaction","page_engagement","post_engagement"],"value":["1100.79","171.998438","0.836975","58.55266","13.606799","0.773951","0.777449"]},{"action_type":["comment","like","link_click","photo_view","post","post_reaction","unlike","video_play","page_engagement","post_engagement"],"value":["60.470051","33.106508","0.224915","5926.065","93.323858","6.595509","2963.0325","5926.065","0.214806","0.216209"]},{"action_type":["comment","like","link_click","post","post_reaction","page_engagement","post_engagement"],"value":["1054.56","169.482857","1.093564","120.139747","17.941474","1.014867","1.020981"]},{"action_type":["comment","like","link_click","photo_view","post","post_reaction","unlike","video_play","page_engagement","post_engagement"],"value":["1.034863","0.237447","109.178","0.008898","0.332657","0.013475","90.981667","1091.78","0.005134","0.005247"]}],"cost_per_unique_click":[0.007214,0.733958,0.004302,0.747006,0.946763,0.003793,0.884879,0.209653,1.140065,0.007219],"cost_per_unique_action_type":[{"action_type":["comment","like","link_click","page_engagement","page_story","photo_view","post","post_engagement","post_reaction","post_story","unlike","video_play"],"value":["1.237057","0.239571","108.861","0.008023","0.008023","0.018702","0.3419","0.008158","0.013931","0.008158","98.964545","1088.61"]},{"action_type":["comment","like","link_click","page_engagement","page_story","post","post_engagement","post_reaction","post_story"],"value":["378.761053","89.95575","0.865792","0.801031","0.801031","28.33252","0.806778","9.074981","0.806778"]},{"action_type":["comment","like","link_click","page_engagement","page_story","photo_view","post","post_engagement","post_reaction","post_story","unlike"],"value":["1.907781","0.312115","322.415","0.00465","0.00465","0.017653","0.427323","0.004667","0.006026","0.004667","92.118571"]},{"action_type":["comment","like","link_click","page_engagement","page_story","post","post_engagement","post_reaction","post_story"],"value":["450.693333","80.480952","0.889058","0.837512","0.837512","45.069333","0.842522","12.224955","0.842522"]},{"action_type":["comment","like","link_click","page_engagement","page_story","post","post_engagement","post_reaction","post_story","unlike"],"value":["1225.885455","123.713211","1.15729","1.01787","1.01787","53.93896","1.020334","9.217184","1.020334","6742.37"]},{"action_type":["comment","like","page_engagement","page_story","photo_view","post","post_engagement","post_reaction","post_story","unlike"],"value":["3.849703","0.294584","0.004166","0.004166","0.024616","0.494229","0.004192","0.004736","0.004192","144.15"]},{"action_type":["comment","like","link_click","page_engagement","page_story","post","post_engagement","post_reaction","post_story"],"value":["1100.79","171.998438","1.017366","0.961221","0.961221","61.496648","0.962902","14.295974","0.962902"]},{"action_type":["comment","like","link_click","page_engagement","page_story","photo_view","post","post_engagement","post_reaction","post_story","unlike","video_play"],"value":["68.907733","33.106508","0.247414","0.24074","0.24074","5926.065","102.173534","0.241683","7.231318","0.241683","2963.0325","5926.065"]},{"action_type":["comment","like","link_click","page_engagement","page_story","post","post_engagement","post_reaction","post_story"],"value":["1186.38","172.564364","1.3413","1.2675","1.2675","121.68","1.270894","18.868867","1.270894"]},{"action_type":["comment","like","link_click","page_engagement","page_story","photo_view","post","post_engagement","post_reaction","post_story","unlike","video_play"],"value":["1.239251","0.239846","109.178","0.008032","0.008032","0.018726","0.342036","0.008166","0.013937","0.008166","99.252727","1091.78"]}],"spend":[1088.61,7196.46,644.83,6760.4,13484.74,1297.35,11007.9,11852.13,9491.04,1091.78],"impressions":["1343198","206179","871363","196127","378843","1640388","277798","812038","200080","1346103"],